case,query_id,published_hit3,candidate,faq_id,published_grade,gemini_rank,model_verdict
C001,362,False,F01,431,0,3,answer
C001,362,False,F02,412,0,,unrelated
C001,362,False,F03,904,0,2,answer
C001,362,False,F04,1395,0,1,answer
C001,362,False,F05,484,0,,answer
C001,362,False,F06,17,0,,answer
C001,362,False,F07,464,2,,answer
C001,362,False,F08,193,0,,unrelated
C001,362,False,F09,1203,0,10,answer
C001,362,False,F10,165,2,,answer
C001,362,False,F11,129,2,,answer
C003,144,False,F01,1167,0,,unrelated
C003,144,False,F02,930,0,,answer
C003,144,False,F03,1174,0,2,answer
C003,144,False,F04,1552,2,,answer
C003,144,False,F05,1406,0,,unrelated
C003,144,False,F06,1235,0,,unrelated
C003,144,False,F07,1189,2,,answer
C003,144,False,F08,127,0,3,answer
C003,144,False,F09,1095,0,,unrelated
C003,144,False,F10,202,0,1,answer
C003,144,False,F11,931,0,,answer
C007,410,False,F01,1497,0,,unrelated
C007,410,False,F02,1284,0,3,unrelated
C007,410,False,F03,946,0,,unrelated
C007,410,False,F04,965,0,,answer
C007,410,False,F05,1014,0,,unrelated
C007,410,False,F06,1262,2,7,answer
C007,410,False,F07,283,0,10,unrelated
C007,410,False,F08,648,0,1,answer
C007,410,False,F09,1776,0,2,lead
C007,410,False,F10,1569,2,,answer
C008,517,False,F01,377,0,,unrelated
C008,517,False,F02,1184,0,,unrelated
C008,517,False,F03,230,0,1,lead
C008,517,False,F04,679,2,,lead
C008,517,False,F05,283,0,3,unrelated
C008,517,False,F06,1005,0,,answer
C008,517,False,F07,1029,0,,unrelated
C008,517,False,F08,1683,0,2,answer
C008,517,False,F09,603,0,,answer
C008,517,False,F10,1055,0,,unrelated
C016,445,False,F01,1569,2,6,answer
C016,445,False,F02,648,0,2,answer
C016,445,False,F03,1591,0,,unrelated
C016,445,False,F04,965,0,,lead
C016,445,False,F05,318,0,3,answer
C016,445,False,F06,1778,0,,unrelated
C016,445,False,F07,283,0,5,lead
C016,445,False,F08,1262,2,7,answer
C016,445,False,F09,1776,0,1,lead
C022,446,False,F01,679,2,,lead
C022,446,False,F02,1176,0,,unrelated
C022,446,False,F03,496,0,1,answer
C022,446,False,F04,296,0,,unrelated
C022,446,False,F05,456,2,,lead
C022,446,False,F06,272,0,2,lead
C022,446,False,F07,82,0,,unrelated
C022,446,False,F08,256,2,,answer
C022,446,False,F09,102,0,,unrelated
C022,446,False,F10,1014,0,3,unrelated
C023,656,False,F01,917,0,,unrelated
C023,656,False,F02,310,0,,answer
C023,656,False,F03,375,0,7,answer
C023,656,False,F04,1163,0,2,lead
C023,656,False,F05,593,0,1,answer
C023,656,False,F06,472,0,4,lead
C023,656,False,F07,394,2,,answer
C023,656,False,F08,565,0,3,answer
C024,710,False,F01,296,0,,unrelated
C024,710,False,F02,1284,0,1,unrelated
C024,710,False,F03,815,2,,lead
C024,710,False,F04,82,0,,unrelated
C024,710,False,F05,946,0,,unrelated
C024,710,False,F06,1132,0,3,unrelated
C024,710,False,F07,470,2,10,answer
C024,710,False,F08,115,0,,unrelated
C024,710,False,F09,1743,0,8,unrelated
C024,710,False,F10,648,0,2,answer
C024,710,False,F11,745,0,,unrelated
C024,710,False,F12,1112,2,,lead
C024,710,False,F13,67,2,,answer
C026,691,False,F01,1283,0,,unrelated
C026,691,False,F02,1532,1,9,answer
C026,691,False,F03,14,0,1,answer
C026,691,False,F04,837,2,,answer
C026,691,False,F05,939,0,,answer
C026,691,False,F06,737,0,3,answer
C026,691,False,F07,249,2,,answer
C026,691,False,F08,904,0,2,answer
C033,150,False,F01,54,2,,answer
C033,150,False,F02,165,2,,answer
C033,150,False,F03,837,0,,answer
C033,150,False,F04,89,0,,unrelated
C033,150,False,F05,904,0,6,answer
C033,150,False,F06,1395,0,1,answer
C033,150,False,F07,4,0,2,answer
C033,150,False,F08,285,0,,unrelated
C033,150,False,F09,1077,0,,answer
C033,150,False,F10,484,0,,answer
C033,150,False,F11,574,2,,answer
C033,150,False,F12,302,2,,lead
C033,150,False,F13,42,0,,unrelated
C033,150,False,F14,1203,0,3,answer
C033,150,False,F15,249,2,,answer
C041,34,True,F01,1341,0,,unrelated
C041,34,True,F02,1242,2,1,lead
C041,34,True,F03,1739,0,,unrelated
C041,34,True,F04,1278,0,2,lead
C041,34,True,F05,1530,0,3,unrelated
C041,34,True,F06,1142,2,,lead
C041,34,True,F07,278,0,,unrelated
C041,34,True,F08,1307,0,,unrelated
C046,244,False,F01,1268,0,1,answer
C046,244,False,F02,1180,0,3,unrelated
C046,244,False,F03,222,1,,unrelated
C046,244,False,F04,1765,1,,unrelated
C046,244,False,F05,126,0,,unrelated
C046,244,False,F06,1738,0,9,unrelated
C046,244,False,F07,91,2,,unrelated
C046,244,False,F08,990,0,2,unrelated
C046,244,False,F09,1396,0,6,unrelated
C046,244,False,F10,1500,0,,unrelated
C046,244,False,F11,1665,0,5,unrelated
C049,143,False,F01,1513,0,,unrelated
C049,143,False,F02,635,0,,unrelated
C049,143,False,F03,1705,0,,unrelated
C049,143,False,F04,690,0,1,answer
C049,143,False,F05,203,2,8,lead
C049,143,False,F06,1013,0,,unrelated
C049,143,False,F07,295,0,2,lead
C049,143,False,F08,373,0,3,answer
C049,143,False,F09,130,2,7,lead
C049,143,False,F10,106,2,9,lead
C055,606,False,F01,1736,0,,unrelated
C055,606,False,F02,1759,0,,unrelated
C055,606,False,F03,252,2,,answer
C055,606,False,F04,1284,0,3,unrelated
C055,606,False,F05,1569,2,,answer
C055,606,False,F06,470,0,,answer
C055,606,False,F07,154,0,1,lead
C055,606,False,F08,648,1,2,answer
C055,606,False,F09,946,0,,unrelated
C063,61,False,F01,964,2,5,answer
C063,61,False,F02,451,0,,unrelated
C063,61,False,F03,997,0,,unrelated
C063,61,False,F04,248,0,,unrelated
C063,61,False,F05,363,0,,unrelated
C063,61,False,F06,634,0,1,lead
C063,61,False,F07,1034,1,3,answer
C063,61,False,F08,1622,0,2,lead
C064,41,False,F01,954,1,3,answer
C064,41,False,F02,81,0,,unrelated
C064,41,False,F03,336,0,,unrelated
C064,41,False,F04,1281,0,,lead
C064,41,False,F05,443,0,5,unrelated
C064,41,False,F06,1783,0,7,unrelated
C064,41,False,F07,444,0,,unrelated
C064,41,False,F08,285,0,2,unrelated
C064,41,False,F09,221,0,,unrelated
C064,41,False,F10,1777,0,1,unrelated
C064,41,False,F11,522,2,6,answer
C065,652,False,F01,851,0,3,lead
C065,652,False,F02,1055,0,2,unrelated
C065,652,False,F03,536,0,8,unrelated
C065,652,False,F04,89,2,,answer
C065,652,False,F05,154,0,,unrelated
C065,652,False,F06,176,0,1,answer
C065,652,False,F07,197,0,,unrelated
C065,652,False,F08,1759,0,,unrelated
C065,652,False,F09,1233,0,,unrelated
C065,652,False,F10,487,0,,unrelated
C066,214,False,F01,1359,0,,unrelated
C066,214,False,F02,649,0,1,lead
C066,214,False,F03,1005,0,,unrelated
C066,214,False,F04,732,0,,unrelated
C066,214,False,F05,298,2,4,answer
C066,214,False,F06,438,0,3,answer
C066,214,False,F07,500,0,,unrelated
C066,214,False,F08,243,2,,lead
C066,214,False,F09,141,0,,unrelated
C066,214,False,F10,1328,0,2,lead
C069,647,False,F01,1178,0,,unrelated
C069,647,False,F02,1281,0,,unrelated
C069,647,False,F03,268,0,1,answer
C069,647,False,F04,177,0,2,unrelated
C069,647,False,F05,886,0,,unrelated
C069,647,False,F06,1091,0,,unrelated
C069,647,False,F07,838,2,6,lead
C069,647,False,F08,92,0,10,unrelated
C069,647,False,F09,511,0,3,unrelated
C073,35,False,F01,444,0,6,answer
C073,35,False,F02,359,0,,unrelated
C073,35,False,F03,306,0,,unrelated
C073,35,False,F04,396,1,2,answer
C073,35,False,F05,62,1,3,answer
C073,35,False,F06,1233,0,,unrelated
C073,35,False,F07,150,1,1,answer
C073,35,False,F08,213,2,4,answer
C076,101,False,F01,401,0,,unrelated
C076,101,False,F02,468,0,,unrelated
C076,101,False,F03,651,0,1,answer
C076,101,False,F04,192,0,2,answer
C076,101,False,F05,406,0,3,answer
C076,101,False,F06,196,0,,answer
C076,101,False,F07,8,2,5,answer
C076,101,False,F08,1349,0,,unrelated
C076,101,False,F09,2,2,8,answer
C076,101,False,F10,138,2,6,answer
C086,667,False,F01,114,2,7,answer
C086,667,False,F02,530,0,,unrelated
C086,667,False,F03,1057,0,,unrelated
C086,667,False,F04,436,0,1,lead
C086,667,False,F05,1366,0,,unrelated
C086,667,False,F06,1022,0,4,unrelated
C086,667,False,F07,360,1,2,answer
C086,667,False,F08,1162,0,,unrelated
C086,667,False,F09,1047,0,,unrelated
C086,667,False,F10,845,2,,answer
C086,667,False,F11,809,0,3,unrelated
C086,667,False,F12,712,0,8,unrelated
C090,558,False,F01,1469,0,,unrelated
C090,558,False,F02,1432,0,,unrelated
C090,558,False,F03,938,0,,unrelated
C090,558,False,F04,340,0,3,unrelated
C090,558,False,F05,639,2,,answer
C090,558,False,F06,108,0,1,answer
C090,558,False,F07,1613,0,2,unrelated
C090,558,False,F08,21,1,5,answer
C090,558,False,F09,486,1,6,answer
C090,558,False,F10,1274,0,10,unrelated
C092,547,False,F01,1064,0,1,unrelated
C092,547,False,F02,294,0,3,answer
C092,547,False,F03,918,0,2,unrelated
C092,547,False,F04,363,0,,unrelated
C092,547,False,F05,500,0,,unrelated
C092,547,False,F06,562,0,,unrelated
C092,547,False,F07,84,2,4,lead
C095,168,False,F01,1096,0,,unrelated
C095,168,False,F02,1610,0,,unrelated
C095,168,False,F03,1340,1,6,unrelated
C095,168,False,F04,79,0,,unrelated
C095,168,False,F05,145,0,1,lead
C095,168,False,F06,472,0,,unrelated
C095,168,False,F07,549,2,10,answer
C095,168,False,F08,1281,1,2,lead
C095,168,False,F09,78,0,,unrelated
C095,168,False,F10,1368,0,3,answer
C096,661,False,F01,791,0,,unrelated
C096,661,False,F02,244,0,10,unrelated
C096,661,False,F03,89,0,6,answer
C096,661,False,F04,551,0,3,answer
C096,661,False,F05,184,0,2,answer
C096,661,False,F06,336,0,,unrelated
C096,661,False,F07,42,0,1,answer
C096,661,False,F08,318,0,,unrelated
C096,661,False,F09,153,2,7,answer
C096,661,False,F10,1295,0,,unrelated
C098,592,False,F01,62,0,1,unrelated
C098,592,False,F02,1536,0,,unrelated
C098,592,False,F03,121,0,3,answer
C098,592,False,F04,8,2,,answer
C098,592,False,F05,1105,0,,unrelated
C098,592,False,F06,19,0,7,unrelated
C098,592,False,F07,1070,0,,unrelated
C098,592,False,F08,184,0,2,lead
C107,154,False,F01,946,0,,unrelated
C107,154,False,F02,861,0,,lead
C107,154,False,F03,1262,2,5,answer
C107,154,False,F04,648,0,1,answer
C107,154,False,F05,1164,0,,unrelated
C107,154,False,F06,154,0,2,unrelated
C107,154,False,F07,1729,0,,unrelated
C107,154,False,F08,470,0,3,lead
C107,154,False,F09,750,0,,unrelated
C107,154,False,F10,1569,2,4,answer
C108,60,True,F01,185,0,,unrelated
C108,60,True,F02,1723,2,1,lead
C108,60,True,F03,1420,0,3,lead
C108,60,True,F04,1164,0,8,unrelated
C108,60,True,F05,1586,0,2,unrelated
C108,60,True,F06,979,0,,unrelated
C108,60,True,F07,123,0,10,unrelated
C108,60,True,F08,449,0,,unrelated
C108,60,True,F09,993,0,,unrelated
C109,341,False,F01,727,0,,unrelated
C109,341,False,F02,1296,0,1,unrelated
C109,341,False,F03,792,0,,unrelated
C109,341,False,F04,1084,0,,unrelated
C109,341,False,F05,1210,2,5,answer
C109,341,False,F06,1185,0,2,answer
C109,341,False,F07,1273,2,,unrelated
C109,341,False,F08,425,0,4,unrelated
C109,341,False,F09,420,0,3,unrelated
C115,657,True,F01,100,0,,unrelated
C115,657,True,F02,390,0,1,unrelated
C115,657,True,F03,915,0,,unrelated
C115,657,True,F04,1784,2,2,lead
C115,657,True,F05,978,0,3,unrelated
C115,657,True,F06,1057,0,,unrelated
C115,657,True,F07,210,0,,unrelated
C115,657,True,F08,7,0,,unrelated
C119,534,False,F01,1007,1,1,answer
C119,534,False,F02,754,1,2,answer
C119,534,False,F03,1182,2,5,answer
C119,534,False,F04,692,1,9,answer
C119,534,False,F05,987,1,3,answer
C119,534,False,F06,526,1,,answer
C120,248,False,F01,557,2,4,answer
C120,248,False,F02,818,0,,unrelated
C120,248,False,F03,1479,0,,unrelated
C120,248,False,F04,245,0,3,answer
C120,248,False,F05,214,0,,unrelated
C120,248,False,F06,616,0,,unrelated
C120,248,False,F07,864,0,,unrelated
C120,248,False,F08,502,0,1,answer
C120,248,False,F09,426,0,2,answer
C121,570,True,F01,1688,2,3,lead
C121,570,True,F02,1221,1,2,unrelated
C121,570,True,F03,1585,0,5,unrelated
C121,570,True,F04,1338,0,,unrelated
C121,570,True,F05,732,0,1,unrelated
C121,570,True,F06,269,0,,unrelated
